experiment,image,method,kernel,pred_count,gt_count,abs_error,count_accuracy,small,normal,large_stuck
otsu_k3,01207e3d7e.jpg,otsu,3,7,5,2,0.6,2,3,2
otsu_k3,0140acf6eb.jpg,otsu,3,1,4,3,0.25,0,1,0
otsu_k3,025c8579f0.jpg,otsu,3,1,2,1,0.5,0,1,0
otsu_k3,028ca794e7.jpg,otsu,3,5,4,1,0.75,1,3,1
otsu_k3,02e080206f.jpg,otsu,3,30,40,10,0.75,2,25,3
otsu_k3,0391d1cd81.jpg,otsu,3,4,1,3,-2.0,2,0,2
otsu_k3,03ab6f403f.jpg,otsu,3,2,2,0,1.0,0,2,0
otsu_k3,05c7bef607.jpg,otsu,3,2,3,1,0.6666666666666667,1,1,0
otsu_k3,06592a2984.jpg,otsu,3,16,1,15,-14.0,3,7,6
otsu_k3,06dbf139bd.jpg,otsu,3,6,3,3,0.0,0,4,2
otsu_k3,06de4d46b4.jpg,otsu,3,15,14,1,0.9285714285714286,5,4,6
otsu_k3,0712ebe773.jpg,otsu,3,1,15,14,0.06666666666666665,0,1,0
otsu_k3,078aaee7f6.jpg,otsu,3,2,2,0,1.0,0,2,0
otsu_k3,0992f9217f.jpg,otsu,3,17,16,1,0.9375,0,16,1
otsu_k3,0bcb8457d5.jpg,otsu,3,23,11,12,-0.09090909090909083,10,4,9
otsu_k3,0c0f693a3e.jpg,otsu,3,24,10,14,-0.3999999999999999,8,6,10
otsu_k3,0c7067ece2.jpg,otsu,3,2,1,1,0.0,1,0,1
otsu_k3,11178d409d.jpg,otsu,3,29,8,21,-1.625,3,17,9
otsu_k3,14080c2080.jpg,otsu,3,5,9,4,0.5555555555555556,2,1,2
otsu_k3,1576817f96.jpg,otsu,3,1,1,0,1.0,0,1,0
otsu_k3,16f46adcc2.jpg,otsu,3,11,4,7,-0.75,0,7,4
otsu_k3,1a203989bd.jpg,otsu,3,21,34,13,0.6176470588235294,4,15,2
otsu_k3,1d5fb7f409.jpg,otsu,3,5,4,1,0.75,0,5,0
otsu_k3,1e5109de3a.jpg,otsu,3,7,8,1,0.875,1,5,1
otsu_k3,207092513f.jpg,otsu,3,3,8,5,0.375,1,1,1
otsu_k3,209529add9.jpg,otsu,3,3,3,0,1.0,0,2,1
otsu_k3,21ad309395.jpg,otsu,3,4,15,11,0.2666666666666667,0,3,1
otsu_k3,23560e97ad.jpg,otsu,3,3,15,12,0.19999999999999996,0,2,1
otsu_k3,244d4d4639.jpg,otsu,3,7,10,3,0.7,0,6,1
otsu_k3,24699d577c.jpg,otsu,3,1,1,0,1.0,0,1,0
otsu_k3,26fb204f51.jpg,otsu,3,27,3,24,-7.0,9,12,6
otsu_k3,27ad5d7140.jpg,otsu,3,12,9,3,0.6666666666666667,4,6,2
otsu_k3,2bf5e82e5a.jpg,otsu,3,12,8,4,0.5,2,7,3
otsu_k3,2c8f0e58fb.jpg,otsu,3,2,2,0,1.0,0,2,0
otsu_k3,2ed9a9c1e2.jpg,otsu,3,8,8,0,1.0,0,8,0
otsu_k3,2f52601471.jpg,otsu,3,2,3,1,0.6666666666666667,1,1,0
otsu_k3,31357b26f3.jpg,otsu,3,1,5,4,0.19999999999999996,0,1,0
otsu_k3,31e4b72f06.jpg,otsu,3,9,1,8,-7.0,4,2,3
otsu_k3,321f79f6bb.jpg,otsu,3,4,2,2,0.0,2,0,2
otsu_k3,342d14adbd.jpg,otsu,3,21,5,16,-2.2,0,14,7
otsu_k3,35f856e199.jpg,otsu,3,5,5,0,1.0,1,4,0
otsu_k3,3613533eef.jpg,otsu,3,4,2,2,0.0,2,1,1
otsu_k3,3731e4b26c.jpg,otsu,3,14,28,14,0.5,2,10,2
otsu_k3,3942739722.jpg,otsu,3,23,1,22,-21.0,6,9,8
otsu_k3,3a31d6cc15.jpg,otsu,3,1,5,4,0.19999999999999996,0,1,0
otsu_k3,3c64dca0b6.jpg,otsu,3,3,21,18,0.1428571428571429,1,1,1
otsu_k3,3d315bb61e.jpg,otsu,3,6,30,24,0.19999999999999996,2,2,2
otsu_k3,3fa08174b0.jpg,otsu,3,37,5,32,-5.4,3,25,9
otsu_k3,419d2d60c3.jpg,otsu,3,22,20,2,0.9,5,13,4
otsu_k3,41ee53b36e.jpg,otsu,3,80,16,64,-3.0,26,30,24
otsu_k3,421f429a45.jpg,otsu,3,10,8,2,0.75,2,8,0
otsu_k3,424d624a79.jpg,otsu,3,2,2,0,1.0,0,2,0
otsu_k3,4291a46303.jpg,otsu,3,1,3,2,0.33333333333333337,0,1,0
otsu_k3,42a0da06b7.jpg,otsu,3,1,2,1,0.5,0,1,0
otsu_k3,4359d7bf90.jpg,otsu,3,1,3,2,0.33333333333333337,0,1,0
otsu_k3,43de9c935d.jpg,otsu,3,4,1,3,-2.0,2,0,2
otsu_k3,444107b8c9.jpg,otsu,3,6,14,8,0.4285714285714286,0,5,1
otsu_k3,4464e8c6c9.jpg,otsu,3,1,1,0,1.0,0,1,0
otsu_k3,44cf53bcde.jpg,otsu,3,16,16,0,1.0,1,14,1
otsu_k3,44e195e1ef.jpg,otsu,3,10,8,2,0.75,5,1,4
otsu_k3,46076bb5d5.jpg,otsu,3,10,5,5,0.0,4,2,4
otsu_k3,47b061170d.jpg,otsu,3,1,8,7,0.125,0,1,0
otsu_k3,48fa79d7ae.jpg,otsu,3,10,8,2,0.75,3,7,0
otsu_k3,49fd927d4c.jpg,otsu,3,12,5,7,-0.3999999999999999,3,8,1
otsu_k3,4a1315d458.jpg,otsu,3,20,2,18,-8.0,2,14,4
otsu_k3,4a4bd0f725.jpg,otsu,3,22,40,18,0.55,1,15,6
otsu_k3,4c0fee8a9c.jpg,otsu,3,61,16,45,-1.8125,20,23,18
otsu_k3,4ca15155e9.jpg,otsu,3,1,2,1,0.5,0,1,0
otsu_k3,4e47138c7e.jpg,otsu,3,6,6,0,1.0,0,4,2
otsu_k3,4e95f6db6a.jpg,otsu,3,28,24,4,0.8333333333333334,12,5,11
otsu_k3,4e9e203a40.jpg,otsu,3,5,9,4,0.5555555555555556,1,3,1
otsu_k3,4fe02e46cb.jpg,otsu,3,12,2,10,-4.0,4,3,5
otsu_k3,50797d435f.jpg,otsu,3,42,34,8,0.7647058823529411,16,18,8
otsu_k3,50e7fe98b7.jpg,otsu,3,33,35,2,0.9428571428571428,1,30,2
otsu_k3,5189314af4.jpg,otsu,3,2,2,0,1.0,0,2,0
otsu_k3,563563f749.jpg,otsu,3,4,5,1,0.8,2,0,2
otsu_k3,566b1031a8.jpg,otsu,3,15,20,5,0.75,4,9,2
otsu_k3,569a5a3984.jpg,otsu,3,1,1,0,1.0,0,1,0
otsu_k3,5ab456ac02.jpg,otsu,3,7,11,4,0.6363636363636364,2,4,1
otsu_k3,5b7a05e3dd.jpg,otsu,3,1,7,6,0.1428571428571429,0,1,0
otsu_k3,5d6b82679d.jpg,otsu,3,4,4,0,1.0,0,4,0
otsu_k3,5edc210162.jpg,otsu,3,7,3,4,-0.33333333333333326,2,2,3
otsu_k3,5f8a04cee8.jpg,otsu,3,8,7,1,0.8571428571428572,3,2,3
otsu_k3,609e94b29b.jpg,otsu,3,20,16,4,0.75,6,5,9
otsu_k3,60fc6231cd.jpg,otsu,3,1,5,4,0.19999999999999996,0,1,0
otsu_k3,61958bd2dd.jpg,otsu,3,5,5,0,1.0,0,3,2
otsu_k3,670dc0a72f.jpg,otsu,3,3,2,1,0.5,1,1,1
otsu_k3,681165d9f1.jpg,otsu,3,4,4,0,1.0,0,4,0
otsu_k3,6bf1678fa3.jpg,otsu,3,10,2,8,-3.0,4,3,3
otsu_k3,6bf4f833a4.jpg,otsu,3,9,8,1,0.875,2,7,0
otsu_k3,6d2e7e9448.jpg,otsu,3,7,9,2,0.7777777777777778,3,2,2
otsu_k3,6d4d37ae2c.jpg,otsu,3,4,5,1,0.8,1,2,1
otsu_k3,6da8539078.jpg,otsu,3,33,5,28,-4.6,14,6,13
otsu_k3,6dc3173bf2.jpg,otsu,3,11,8,3,0.625,4,4,3
otsu_k3,716dcf2d66.jpg,otsu,3,18,3,15,-4.0,1,11,6
otsu_k3,7262427976.jpg,otsu,3,49,1,48,-47.0,4,32,13
otsu_k3,72d0dbe5f5.jpg,otsu,3,2,34,32,0.05882352941176472,1,0,1
otsu_k3,766f507935.jpg,otsu,3,28,16,12,0.25,11,16,1
otsu_k3,767455e3f9.jpg,otsu,3,3,2,1,0.5,1,2,0
otsu_k3,7779953784.jpg,otsu,3,3,2,1,0.5,0,2,1
otsu_k3,782058a969.jpg,otsu,3,8,5,3,0.4,3,3,2
otsu_k3,79eb826b40.jpg,otsu,3,9,24,15,0.375,3,3,3
otsu_k3,7c13cfe7f1.jpg,otsu,3,1,1,0,1.0,0,1,0
otsu_k3,7c3720e174.jpg,otsu,3,5,7,2,0.7142857142857143,0,4,1
otsu_k3,7c7942b825.jpg,otsu,3,6,8,2,0.75,3,1,2
otsu_k3,7ce16206bb.jpg,otsu,3,8,8,0,1.0,0,8,0
otsu_k3,7e122f5d1f.jpg,otsu,3,8,8,0,1.0,1,4,3
otsu_k3,827d23c09e.jpg,otsu,3,8,8,0,1.0,1,7,0
otsu_k3,85e4b42fb6.jpg,otsu,3,10,8,2,0.75,3,5,2
otsu_k3,8605748432.jpg,otsu,3,12,20,8,0.6,1,9,2
otsu_k3,868bb275c3.jpg,otsu,3,7,8,1,0.875,0,5,2
otsu_k3,87a1c3b8af.jpg,otsu,3,4,5,1,0.8,1,2,1
otsu_k3,87f4bed37f.jpg,otsu,3,1,2,1,0.5,0,1,0
otsu_k3,898beeed4c.jpg,otsu,3,1,1,0,1.0,0,1,0
otsu_k3,8c7c691333.jpg,otsu,3,9,1,8,-7.0,0,5,4
otsu_k3,8e89dfa19b.jpg,otsu,3,6,6,0,1.0,0,5,1
otsu_k3,9082197e8c.jpg,otsu,3,54,1,53,-52.0,11,30,13
otsu_k3,908f1fc748.jpg,otsu,3,8,1,7,-6.0,2,5,1
otsu_k3,91851d8baa.jpg,otsu,3,1,1,0,1.0,0,1,0
otsu_k3,94b5bdb199.jpg,otsu,3,4,4,0,1.0,0,3,1
otsu_k3,962d332c3c.jpg,otsu,3,10,6,4,0.33333333333333337,4,4,2
otsu_k3,97868f7555.jpg,otsu,3,1,5,4,0.19999999999999996,0,1,0
otsu_k3,97e6af6151.jpg,otsu,3,5,7,2,0.7142857142857143,2,1,2
otsu_k3,980bc77535.jpg,otsu,3,1,3,2,0.33333333333333337,0,1,0
otsu_k3,98e915fe15.jpg,otsu,3,33,2,31,-14.5,0,19,14
otsu_k3,990db901a0.jpg,otsu,3,18,34,16,0.5294117647058824,4,12,2
otsu_k3,9981524f15.jpg,otsu,3,1,1,0,1.0,0,1,0
otsu_k3,9ab6493bdc.jpg,otsu,3,8,2,6,-2.0,1,6,1
otsu_k3,9b1df4ab21.jpg,otsu,3,2,2,0,1.0,0,2,0
otsu_k3,9bdccee820.jpg,otsu,3,8,8,0,1.0,0,8,0
otsu_k3,9d2dea7b8f.jpg,otsu,3,11,9,2,0.7777777777777778,5,2,4
otsu_k3,9e575d70ea.jpg,otsu,3,3,3,0,1.0,1,1,1
otsu_k3,9ef3898d38.jpg,otsu,3,12,4,8,-1.0,4,3,5
otsu_k3,a15f18c804.jpg,otsu,3,15,7,8,-0.1428571428571428,5,3,7
otsu_k3,a188d78b85.jpg,otsu,3,7,5,2,0.6,2,2,3
otsu_k3,a19f00a771.jpg,otsu,3,1,8,7,0.125,0,1,0
otsu_k3,a1fae3d9ea.jpg,otsu,3,18,26,8,0.6923076923076923,4,9,5
otsu_k3,a5faa8e072.jpg,otsu,3,5,23,18,0.21739130434782605,0,3,2
otsu_k3,a61fb409e8.jpg,otsu,3,1,1,0,1.0,0,1,0
otsu_k3,abd33e40b9.jpg,otsu,3,1,6,5,0.16666666666666663,0,1,0
otsu_k3,ae2a9d0217.jpg,otsu,3,13,2,11,-4.5,1,9,3
otsu_k3,afc5895108.jpg,otsu,3,5,10,5,0.5,2,2,1
otsu_k3,afed6c9305.jpg,otsu,3,6,2,4,-1.0,1,3,2
otsu_k3,b05183cf6c.jpg,otsu,3,1,1,0,1.0,0,1,0
otsu_k3,b22b3d9c4e.jpg,otsu,3,8,1,7,-6.0,0,5,3
otsu_k3,b36a35b1cf.jpg,otsu,3,4,4,0,1.0,1,2,1
otsu_k3,b490ad931a.jpg,otsu,3,53,16,37,-1.3125,17,19,17
otsu_k3,b61d911828.jpg,otsu,3,2,30,28,0.06666666666666665,1,0,1
otsu_k3,b65bf338f7.jpg,otsu,3,7,10,3,0.7,0,6,1
otsu_k3,bc673941fb.jpg,otsu,3,10,6,4,0.33333333333333337,0,7,3
otsu_k3,bc6914ff98.jpg,otsu,3,4,1,3,-2.0,1,2,1
otsu_k3,bd5e683f30.jpg,otsu,3,7,6,1,0.8333333333333334,2,4,1
otsu_k3,bd7c825ab5.jpg,otsu,3,44,2,42,-20.0,13,22,9
otsu_k3,bdddd66dc5.jpg,otsu,3,11,8,3,0.625,3,8,0
otsu_k3,be037b359a.jpg,otsu,3,10,26,16,0.3846153846153846,0,7,3
otsu_k3,c0ac04a0cf.jpg,otsu,3,4,1,3,-2.0,1,2,1
otsu_k3,c13910bc18.jpg,otsu,3,2,2,0,1.0,0,2,0
otsu_k3,c1a9fbb8bc.jpg,otsu,3,7,7,0,1.0,3,2,2
otsu_k3,c20d83cdfe.jpg,otsu,3,7,1,6,-5.0,3,2,2
otsu_k3,c2d0445950.jpg,otsu,3,17,2,15,-6.5,0,12,5
otsu_k3,c36182ac9a.jpg,otsu,3,4,4,0,1.0,0,3,1
otsu_k3,c3ddc33f41.jpg,otsu,3,5,2,3,-0.5,1,2,2
otsu_k3,c45fe65ea2.jpg,otsu,3,1,1,0,1.0,0,1,0
otsu_k3,c61640a9c1.jpg,otsu,3,16,8,8,0.0,8,0,8
otsu_k3,c99b8f0e24.jpg,otsu,3,20,14,6,0.5714285714285714,10,1,9
otsu_k3,cb1e6a6967.jpg,otsu,3,6,8,2,0.75,1,3,2
otsu_k3,cb4769d1a9.jpg,otsu,3,9,24,15,0.375,2,3,4
otsu_k3,d0a3c1f8d3.jpg,otsu,3,4,9,5,0.4444444444444444,2,0,2
otsu_k3,d339767881.jpg,otsu,3,2,2,0,1.0,0,2,0
otsu_k3,d3a549a4ac.jpg,otsu,3,1,1,0,1.0,0,1,0
otsu_k3,d4a5b2ad56.jpg,otsu,3,8,8,0,1.0,2,4,2
otsu_k3,d603d1e7e2.jpg,otsu,3,19,16,3,0.8125,2,16,1
otsu_k3,d7416e5a02.jpg,otsu,3,51,1,50,-49.0,2,36,13
otsu_k3,d74bf34efc.jpg,otsu,3,30,35,5,0.8571428571428572,1,27,2
otsu_k3,d87fde36bf.jpg,otsu,3,6,8,2,0.75,3,0,3
otsu_k3,d8e50e61e9.jpg,otsu,3,10,8,2,0.75,2,4,4
otsu_k3,e036bb9f36.jpg,otsu,3,8,1,7,-6.0,0,5,3
otsu_k3,e458d60056.jpg,otsu,3,3,1,2,-1.0,1,1,1
otsu_k3,e464aa2ba3.jpg,otsu,3,8,6,2,0.6666666666666667,1,5,2
otsu_k3,e48a9d76fa.jpg,otsu,3,1,1,0,1.0,0,1,0
otsu_k3,e5498c038d.jpg,otsu,3,12,12,0,1.0,0,12,0
otsu_k3,e56270ad8e.jpg,otsu,3,1,1,0,1.0,0,1,0
otsu_k3,e58d420bba.jpg,otsu,3,3,1,2,-1.0,1,1,1
otsu_k3,e87b700514.jpg,otsu,3,7,23,16,0.30434782608695654,3,1,3
otsu_k3,e893dcbca8.jpg,otsu,3,4,4,0,1.0,0,4,0
otsu_k3,e982d8d424.jpg,otsu,3,2,2,0,1.0,1,0,1
otsu_k3,ea2f399c2c.jpg,otsu,3,2,12,10,0.16666666666666663,1,1,0
otsu_k3,ecb30e89ac.jpg,otsu,3,5,10,5,0.5,1,2,2
otsu_k3,ecf7752465.jpg,otsu,3,1,1,0,1.0,0,1,0
otsu_k3,f14da4ee62.jpg,otsu,3,1,4,3,0.25,0,1,0
otsu_k3,f35a790bd0.jpg,otsu,3,28,14,14,0.0,9,8,11
otsu_k3,f8101d6dd1.jpg,otsu,3,2,5,3,0.4,1,0,1
otsu_k3,f8b6b6d100.jpg,otsu,3,8,4,4,0.0,2,3,3
otsu_k3,f8cc6f7201.jpg,otsu,3,7,5,2,0.6,0,5,2
otsu_k3,fa5950f31e.jpg,otsu,3,3,1,2,-1.0,1,2,0
otsu_k5,01207e3d7e.jpg,otsu,5,8,5,3,0.4,2,3,3
otsu_k5,0140acf6eb.jpg,otsu,5,1,4,3,0.25,0,1,0
otsu_k5,025c8579f0.jpg,otsu,5,1,2,1,0.5,0,1,0
otsu_k5,028ca794e7.jpg,otsu,5,4,4,0,1.0,0,3,1
otsu_k5,02e080206f.jpg,otsu,5,35,40,5,0.875,4,28,3
otsu_k5,0391d1cd81.jpg,otsu,5,9,1,8,-7.0,3,2,4
otsu_k5,03ab6f403f.jpg,otsu,5,1,2,1,0.5,0,1,0
otsu_k5,05c7bef607.jpg,otsu,5,3,3,0,1.0,1,1,1
otsu_k5,06592a2984.jpg,otsu,5,18,1,17,-16.0,5,6,7
otsu_k5,06dbf139bd.jpg,otsu,5,4,3,1,0.6666666666666667,2,0,2
otsu_k5,06de4d46b4.jpg,otsu,5,9,14,5,0.6428571428571428,4,1,4
otsu_k5,0712ebe773.jpg,otsu,5,1,15,14,0.06666666666666665,0,1,0
otsu_k5,078aaee7f6.jpg,otsu,5,3,2,1,0.5,1,1,1
otsu_k5,0992f9217f.jpg,otsu,5,18,16,2,0.875,1,16,1
otsu_k5,0bcb8457d5.jpg,otsu,5,15,11,4,0.6363636363636364,6,3,6
otsu_k5,0c0f693a3e.jpg,otsu,5,24,10,14,-0.3999999999999999,7,8,9
otsu_k5,0c7067ece2.jpg,otsu,5,2,1,1,0.0,1,0,1
otsu_k5,11178d409d.jpg,otsu,5,15,8,7,0.125,1,11,3
otsu_k5,14080c2080.jpg,otsu,5,6,9,3,0.6666666666666667,1,3,2
otsu_k5,1573c64a86.jpg,otsu,5,42,6,36,-5.0,13,20,9
otsu_k5,1576817f96.jpg,otsu,5,1,1,0,1.0,0,1,0
otsu_k5,16f46adcc2.jpg,otsu,5,4,4,0,1.0,0,3,1
otsu_k5,1a1db517f0.jpg,otsu,5,37,1,36,-35.0,1,21,15
otsu_k5,1a203989bd.jpg,otsu,5,21,34,13,0.6176470588235294,5,15,1
otsu_k5,1d5fb7f409.jpg,otsu,5,5,4,1,0.75,0,5,0
otsu_k5,1e5109de3a.jpg,otsu,5,10,8,2,0.75,3,3,4
otsu_k5,1f3c0f520a.jpg,otsu,5,39,2,37,-17.5,13,13,13
otsu_k5,207092513f.jpg,otsu,5,2,8,6,0.25,1,0,1
otsu_k5,209529add9.jpg,otsu,5,4,3,1,0.6666666666666667,1,2,1
otsu_k5,21ad309395.jpg,otsu,5,3,15,12,0.19999999999999996,0,2,1
otsu_k5,23560e97ad.jpg,otsu,5,1,15,14,0.06666666666666665,0,1,0
otsu_k5,244d4d4639.jpg,otsu,5,7,10,3,0.7,0,6,1
otsu_k5,24699d577c.jpg,otsu,5,1,1,0,1.0,0,1,0
otsu_k5,2564ee861d.jpg,otsu,5,31,12,19,-0.5833333333333333,10,10,11
otsu_k5,26fb204f51.jpg,otsu,5,20,3,17,-4.666666666666667,5,7,8
otsu_k5,27ad5d7140.jpg,otsu,5,13,9,4,0.5555555555555556,2,5,6
otsu_k5,2bf5e82e5a.jpg,otsu,5,4,8,4,0.5,1,3,0
otsu_k5,2c8f0e58fb.jpg,otsu,5,2,2,0,1.0,0,2,0
otsu_k5,2ed9a9c1e2.jpg,otsu,5,11,8,3,0.625,3,8,0
otsu_k5,2f52601471.jpg,otsu,5,3,3,0,1.0,1,1,1
otsu_k5,2fc068f84e.jpg,otsu,5,63,7,56,-7.0,16,28,19
otsu_k5,31357b26f3.jpg,otsu,5,1,5,4,0.19999999999999996,0,1,0
otsu_k5,31e4b72f06.jpg,otsu,5,9,1,8,-7.0,3,3,3
otsu_k5,321f79f6bb.jpg,otsu,5,6,2,4,-1.0,1,3,2
otsu_k5,342d14adbd.jpg,otsu,5,15,5,10,-1.0,0,11,4
otsu_k5,35f856e199.jpg,otsu,5,4,5,1,0.8,0,4,0
otsu_k5,3613533eef.jpg,otsu,5,6,2,4,-1.0,0,4,2
otsu_k5,3731e4b26c.jpg,otsu,5,10,28,18,0.3571428571428571,0,8,2
otsu_k5,3942739722.jpg,otsu,5,3,1,2,-1.0,1,2,0
otsu_k5,3a31d6cc15.jpg,otsu,5,4,5,1,0.8,1,2,1
otsu_k5,3c64dca0b6.jpg,otsu,5,4,21,17,0.19047619047619047,2,1,1
otsu_k5,3d315bb61e.jpg,otsu,5,5,30,25,0.16666666666666663,0,3,2
otsu_k5,3fa08174b0.jpg,otsu,5,15,5,10,-1.0,3,5,7
otsu_k5,419d2d60c3.jpg,otsu,5,21,20,1,0.95,0,14,7
otsu_k5,41ee53b36e.jpg,otsu,5,55,16,39,-1.4375,13,22,20
otsu_k5,420cd5cadc.jpg,otsu,5,53,9,44,-3.8888888888888893,22,7,24
otsu_k5,421f429a45.jpg,otsu,5,10,8,2,0.75,2,8,0
otsu_k5,424d624a79.jpg,otsu,5,2,2,0,1.0,0,2,0
otsu_k5,4291a46303.jpg,otsu,5,1,3,2,0.33333333333333337,0,1,0
otsu_k5,42a0da06b7.jpg,otsu,5,1,2,1,0.5,0,1,0
otsu_k5,4359d7bf90.jpg,otsu,5,1,3,2,0.33333333333333337,0,1,0
otsu_k5,43de9c935d.jpg,otsu,5,4,1,3,-2.0,1,2,1
otsu_k5,444107b8c9.jpg,otsu,5,5,14,9,0.3571428571428571,0,4,1
otsu_k5,4464e8c6c9.jpg,otsu,5,1,1,0,1.0,0,1,0
otsu_k5,44cf53bcde.jpg,otsu,5,15,16,1,0.9375,1,13,1
otsu_k5,44e195e1ef.jpg,otsu,5,5,8,3,0.625,2,1,2
otsu_k5,46076bb5d5.jpg,otsu,5,10,5,5,0.0,3,4,3
otsu_k5,47b061170d.jpg,otsu,5,1,8,7,0.125,0,1,0
otsu_k5,48fa79d7ae.jpg,otsu,5,11,8,3,0.625,4,7,0
otsu_k5,49fd927d4c.jpg,otsu,5,12,5,7,-0.3999999999999999,3,8,1
otsu_k5,4a1315d458.jpg,otsu,5,17,2,15,-6.5,0,14,3
otsu_k5,4a4bd0f725.jpg,otsu,5,10,40,30,0.25,3,3,4
otsu_k5,4c0fee8a9c.jpg,otsu,5,50,16,34,-1.125,14,19,17
otsu_k5,4ca15155e9.jpg,otsu,5,1,2,1,0.5,0,1,0
otsu_k5,4e47138c7e.jpg,otsu,5,5,6,1,0.8333333333333334,2,2,1
otsu_k5,4e95f6db6a.jpg,otsu,5,20,24,4,0.8333333333333334,9,3,8
otsu_k5,4e9e203a40.jpg,otsu,5,5,9,4,0.5555555555555556,1,3,1
otsu_k5,4fe02e46cb.jpg,otsu,5,2,2,0,1.0,0,2,0
otsu_k5,50797d435f.jpg,otsu,5,36,34,2,0.9411764705882353,12,19,5
otsu_k5,50e7fe98b7.jpg,otsu,5,30,35,5,0.8571428571428572,3,22,5
otsu_k5,5189314af4.jpg,otsu,5,5,2,3,-0.5,1,2,2
otsu_k5,563563f749.jpg,otsu,5,3,5,2,0.6,1,1,1
otsu_k5,566b1031a8.jpg,otsu,5,13,20,7,0.65,2,9,2
otsu_k5,569a5a3984.jpg,otsu,5,1,1,0,1.0,0,1,0
otsu_k5,5ab456ac02.jpg,otsu,5,5,11,6,0.4545454545454546,1,3,1
otsu_k5,5b7a05e3dd.jpg,otsu,5,1,7,6,0.1428571428571429,0,1,0
otsu_k5,5d6b82679d.jpg,otsu,5,4,4,0,1.0,0,4,0
otsu_k5,5edc210162.jpg,otsu,5,4,3,1,0.6666666666666667,2,1,1
otsu_k5,5f8a04cee8.jpg,otsu,5,5,7,2,0.7142857142857143,2,1,2
otsu_k5,609e94b29b.jpg,otsu,5,13,16,3,0.8125,3,5,5
otsu_k5,60fc6231cd.jpg,otsu,5,3,5,2,0.6,1,2,0
otsu_k5,61958bd2dd.jpg,otsu,5,1,5,4,0.19999999999999996,0,1,0
otsu_k5,670dc0a72f.jpg,otsu,5,3,2,1,0.5,0,2,1
otsu_k5,681165d9f1.jpg,otsu,5,4,4,0,1.0,0,4,0
otsu_k5,6bf1678fa3.jpg,otsu,5,5,2,3,-0.5,1,3,1
otsu_k5,6bf4f833a4.jpg,otsu,5,8,8,0,1.0,1,7,0
otsu_k5,6c8ccc2bdc.jpg,otsu,5,54,2,52,-25.0,13,25,16
otsu_k5,6d2e7e9448.jpg,otsu,5,7,9,2,0.7777777777777778,2,2,3
otsu_k5,6d4d37ae2c.jpg,otsu,5,4,5,1,0.8,1,2,1
otsu_k5,6da8539078.jpg,otsu,5,37,5,32,-5.4,12,9,16
otsu_k5,6dc3173bf2.jpg,otsu,5,16,8,8,0.0,7,3,6
otsu_k5,716dcf2d66.jpg,otsu,5,10,3,7,-1.3333333333333335,4,2,4
otsu_k5,7262427976.jpg,otsu,5,17,1,16,-15.0,5,5,7
otsu_k5,72d0dbe5f5.jpg,otsu,5,4,34,30,0.11764705882352944,2,1,1
otsu_k5,766f507935.jpg,otsu,5,18,16,2,0.875,2,15,1
otsu_k5,767455e3f9.jpg,otsu,5,2,2,0,1.0,0,2,0
otsu_k5,7779953784.jpg,otsu,5,5,2,3,-0.5,0,4,1
otsu_k5,782058a969.jpg,otsu,5,4,5,1,0.8,1,2,1
otsu_k5,79eb826b40.jpg,otsu,5,10,24,14,0.41666666666666663,3,3,4
otsu_k5,7c13cfe7f1.jpg,otsu,5,1,1,0,1.0,0,1,0
otsu_k5,7c3720e174.jpg,otsu,5,5,7,2,0.7142857142857143,2,1,2
otsu_k5,7c7942b825.jpg,otsu,5,12,8,4,0.5,4,5,3
otsu_k5,7ce16206bb.jpg,otsu,5,8,8,0,1.0,0,8,0
otsu_k5,7e122f5d1f.jpg,otsu,5,7,8,1,0.875,1,4,2
otsu_k5,827d23c09e.jpg,otsu,5,8,8,0,1.0,1,7,0
otsu_k5,85db729dc0.jpg,otsu,5,83,16,67,-3.1875,25,32,26
otsu_k5,85e4b42fb6.jpg,otsu,5,9,8,1,0.875,2,6,1
otsu_k5,8605748432.jpg,otsu,5,10,20,10,0.5,1,7,2
otsu_k5,868bb275c3.jpg,otsu,5,5,8,3,0.625,0,3,2
otsu_k5,87a1c3b8af.jpg,otsu,5,4,5,1,0.8,1,2,1
otsu_k5,87f4bed37f.jpg,otsu,5,1,2,1,0.5,0,1,0
otsu_k5,898beeed4c.jpg,otsu,5,1,1,0,1.0,0,1,0
otsu_k5,8c7c691333.jpg,otsu,5,6,1,5,-4.0,2,2,2
otsu_k5,8e89dfa19b.jpg,otsu,5,5,6,1,0.8333333333333334,0,3,2
otsu_k5,9082197e8c.jpg,otsu,5,35,1,34,-33.0,9,15,11
otsu_k5,908f1fc748.jpg,otsu,5,6,1,5,-4.0,1,4,1
otsu_k5,91851d8baa.jpg,otsu,5,2,1,1,0.0,1,0,1
otsu_k5,94b5bdb199.jpg,otsu,5,4,4,0,1.0,0,3,1
otsu_k5,962d332c3c.jpg,otsu,5,9,6,3,0.5,3,5,1
otsu_k5,97868f7555.jpg,otsu,5,1,5,4,0.19999999999999996,0,1,0
otsu_k5,97e6af6151.jpg,otsu,5,1,7,6,0.1428571428571429,0,1,0
otsu_k5,980bc77535.jpg,otsu,5,2,3,1,0.6666666666666667,0,2,0
otsu_k5,98e915fe15.jpg,otsu,5,25,2,23,-10.5,7,11,7
otsu_k5,990db901a0.jpg,otsu,5,13,34,21,0.38235294117647056,1,10,2
otsu_k5,9981524f15.jpg,otsu,5,1,1,0,1.0,0,1,0
otsu_k5,9ab6493bdc.jpg,otsu,5,5,2,3,-0.5,1,3,1
otsu_k5,9b1df4ab21.jpg,otsu,5,2,2,0,1.0,0,2,0
otsu_k5,9bdccee820.jpg,otsu,5,9,8,1,0.875,1,8,0
otsu_k5,9d2dea7b8f.jpg,otsu,5,11,9,2,0.7777777777777778,5,2,4
otsu_k5,9e575d70ea.jpg,otsu,5,2,3,1,0.6666666666666667,1,0,1
otsu_k5,9ef3898d38.jpg,otsu,5,8,4,4,0.0,3,5,0
otsu_k5,a15f18c804.jpg,otsu,5,10,7,3,0.5714285714285714,5,1,4
otsu_k5,a188d78b85.jpg,otsu,5,8,5,3,0.4,3,4,1
otsu_k5,a19f00a771.jpg,otsu,5,1,8,7,0.125,0,1,0
otsu_k5,a1fae3d9ea.jpg,otsu,5,13,26,13,0.5,4,3,6
otsu_k5,a5faa8e072.jpg,otsu,5,6,23,17,0.26086956521739135,0,4,2
otsu_k5,a61fb409e8.jpg,otsu,5,1,1,0,1.0,0,1,0
otsu_k5,a9515c596b.jpg,otsu,5,45,20,25,-0.25,11,16,18
otsu_k5,aaf925663f.jpg,otsu,5,40,5,35,-6.0,15,12,13
otsu_k5,abd33e40b9.jpg,otsu,5,1,6,5,0.16666666666666663,0,1,0
otsu_k5,ae2a9d0217.jpg,otsu,5,7,2,5,-1.5,0,5,2
otsu_k5,afc5895108.jpg,otsu,5,9,10,1,0.9,2,5,2
otsu_k5,afed6c9305.jpg,otsu,5,5,2,3,-0.5,2,2,1
otsu_k5,b05183cf6c.jpg,otsu,5,4,1,3,-2.0,2,0,2
otsu_k5,b22b3d9c4e.jpg,otsu,5,2,1,1,0.0,0,2,0
otsu_k5,b2ff113277.jpg,otsu,5,11,3,8,-1.6666666666666665,0,7,4
otsu_k5,b36a35b1cf.jpg,otsu,5,4,4,0,1.0,1,2,1
otsu_k5,b490ad931a.jpg,otsu,5,46,16,30,-0.875,11,18,17
otsu_k5,b61d911828.jpg,otsu,5,1,30,29,0.033333333333333326,0,1,0
otsu_k5,b65bf338f7.jpg,otsu,5,7,10,3,0.7,0,6,1
otsu_k5,bc673941fb.jpg,otsu,5,6,6,0,1.0,2,2,2
otsu_k5,bc6914ff98.jpg,otsu,5,2,1,1,0.0,1,0,1
otsu_k5,bd5e683f30.jpg,otsu,5,7,6,1,0.8333333333333334,2,2,3
otsu_k5,bd7c825ab5.jpg,otsu,5,33,2,31,-14.5,2,19,12
otsu_k5,bdddd66dc5.jpg,otsu,5,30,8,22,-1.75,13,6,11
otsu_k5,be037b359a.jpg,otsu,5,5,26,21,0.1923076923076923,0,3,2
otsu_k5,c0ac04a0cf.jpg,otsu,5,4,1,3,-2.0,1,2,1
otsu_k5,c13910bc18.jpg,otsu,5,2,2,0,1.0,0,2,0
otsu_k5,c1a9fbb8bc.jpg,otsu,5,11,7,4,0.4285714285714286,3,4,4
otsu_k5,c20d83cdfe.jpg,otsu,5,4,1,3,-2.0,1,2,1
otsu_k5,c2d0445950.jpg,otsu,5,7,2,5,-1.5,3,3,1
otsu_k5,c36182ac9a.jpg,otsu,5,3,4,1,0.75,0,2,1
otsu_k5,c3ddc33f41.jpg,otsu,5,11,2,9,-3.5,1,9,1
otsu_k5,c45fe65ea2.jpg,otsu,5,1,1,0,1.0,0,1,0
otsu_k5,c61640a9c1.jpg,otsu,5,22,8,14,-0.75,8,5,9
otsu_k5,c99b8f0e24.jpg,otsu,5,34,14,20,-0.4285714285714286,12,9,13
otsu_k5,cb1e6a6967.jpg,otsu,5,3,8,5,0.375,1,2,0
otsu_k5,cb4769d1a9.jpg,otsu,5,6,24,18,0.25,2,3,1
otsu_k5,d0a3c1f8d3.jpg,otsu,5,5,9,4,0.5555555555555556,2,2,1
otsu_k5,d339767881.jpg,otsu,5,3,2,1,0.5,1,2,0
otsu_k5,d3a549a4ac.jpg,otsu,5,1,1,0,1.0,0,1,0
otsu_k5,d4a5b2ad56.jpg,otsu,5,6,8,2,0.75,0,4,2
otsu_k5,d603d1e7e2.jpg,otsu,5,18,16,2,0.875,2,15,1
otsu_k5,d7416e5a02.jpg,otsu,5,16,1,15,-14.0,6,3,7
otsu_k5,d74bf34efc.jpg,otsu,5,20,35,15,0.5714285714285714,2,11,7
otsu_k5,d87fde36bf.jpg,otsu,5,19,8,11,-0.375,4,8,7
otsu_k5,d8e50e61e9.jpg,otsu,5,5,8,3,0.625,2,2,1
otsu_k5,dc76e7bc74.jpg,otsu,5,11,9,2,0.7777777777777778,5,2,4
otsu_k5,e036bb9f36.jpg,otsu,5,2,1,1,0.0,0,2,0
otsu_k5,e458d60056.jpg,otsu,5,4,1,3,-2.0,2,0,2
otsu_k5,e464aa2ba3.jpg,otsu,5,2,6,4,0.33333333333333337,0,2,0
otsu_k5,e48a9d76fa.jpg,otsu,5,4,1,3,-2.0,1,2,1
otsu_k5,e5498c038d.jpg,otsu,5,12,12,0,1.0,0,12,0
otsu_k5,e56270ad8e.jpg,otsu,5,1,1,0,1.0,0,1,0
otsu_k5,e58d420bba.jpg,otsu,5,3,1,2,-1.0,1,1,1
otsu_k5,e87b700514.jpg,otsu,5,16,23,7,0.6956521739130435,4,7,5
otsu_k5,e893dcbca8.jpg,otsu,5,4,4,0,1.0,0,4,0
otsu_k5,e982d8d424.jpg,otsu,5,2,2,0,1.0,1,0,1
otsu_k5,ea2f399c2c.jpg,otsu,5,1,12,11,0.08333333333333337,0,1,0
otsu_k5,ecb30e89ac.jpg,otsu,5,3,10,7,0.30000000000000004,1,1,1
otsu_k5,ecf7752465.jpg,otsu,5,1,1,0,1.0,0,1,0
otsu_k5,f14da4ee62.jpg,otsu,5,1,4,3,0.25,0,1,0
otsu_k5,f35a790bd0.jpg,otsu,5,35,14,21,-0.5,12,8,15
otsu_k5,f5fd0e7e9b.jpg,otsu,5,31,12,19,-0.5833333333333333,5,17,9
otsu_k5,f8101d6dd1.jpg,otsu,5,4,5,1,0.8,1,2,1
otsu_k5,f8b6b6d100.jpg,otsu,5,9,4,5,-0.25,4,1,4
otsu_k5,f8cc6f7201.jpg,otsu,5,9,5,4,0.19999999999999996,2,4,3
otsu_k5,fa5950f31e.jpg,otsu,5,2,1,1,0.0,0,2,0
adp_k3,01207e3d7e.jpg,adaptive,3,17,5,12,-1.4,6,7,4
adp_k3,0140acf6eb.jpg,adaptive,3,6,4,2,0.5,3,1,2
adp_k3,025c8579f0.jpg,adaptive,3,5,2,3,-0.5,2,1,2
adp_k3,028ca794e7.jpg,adaptive,3,10,4,6,-0.5,2,4,4
adp_k3,03ab6f403f.jpg,adaptive,3,13,2,11,-4.5,0,10,3
adp_k3,05c7bef607.jpg,adaptive,3,10,3,7,-1.3333333333333335,3,4,3
adp_k3,06dbf139bd.jpg,adaptive,3,10,3,7,-1.3333333333333335,4,3,3
adp_k3,06de4d46b4.jpg,adaptive,3,23,14,9,0.3571428571428571,3,14,6
adp_k3,0712ebe773.jpg,adaptive,3,15,15,0,1.0,4,6,5
adp_k3,078aaee7f6.jpg,adaptive,3,6,2,4,-1.0,0,4,2
adp_k3,0992f9217f.jpg,adaptive,3,17,16,1,0.9375,0,16,1
adp_k3,0c0f693a3e.jpg,adaptive,3,26,10,16,-0.6000000000000001,4,14,8
adp_k3,0c7067ece2.jpg,adaptive,3,6,1,5,-4.0,2,2,2
adp_k3,11178d409d.jpg,adaptive,3,25,8,17,-1.125,4,14,7
adp_k3,14080c2080.jpg,adaptive,3,13,9,4,0.5555555555555556,0,10,3
adp_k3,16f46adcc2.jpg,adaptive,3,17,4,13,-2.25,3,7,7
adp_k3,1a203989bd.jpg,adaptive,3,31,34,3,0.9117647058823529,5,19,7
adp_k3,1d5fb7f409.jpg,adaptive,3,6,4,2,0.5,1,5,0
adp_k3,1e5109de3a.jpg,adaptive,3,17,8,9,-0.125,8,6,3
adp_k3,207092513f.jpg,adaptive,3,15,8,7,0.125,5,5,5
adp_k3,209529add9.jpg,adaptive,3,11,3,8,-1.6666666666666665,0,7,4
adp_k3,21ad309395.jpg,adaptive,3,16,15,1,0.9333333333333333,5,6,5
adp_k3,244d4d4639.jpg,adaptive,3,10,10,0,1.0,0,10,0
adp_k3,24699d577c.jpg,adaptive,3,4,1,3,-2.0,1,2,1
adp_k3,26fb204f51.jpg,adaptive,3,45,3,42,-13.0,10,22,13
adp_k3,2bf5e82e5a.jpg,adaptive,3,14,8,6,0.25,2,11,1
adp_k3,2c8f0e58fb.jpg,adaptive,3,4,2,2,0.0,2,0,2
adp_k3,2f52601471.jpg,adaptive,3,10,3,7,-1.3333333333333335,3,3,4
adp_k3,31357b26f3.jpg,adaptive,3,2,5,3,0.4,1,0,1
adp_k3,31e4b72f06.jpg,adaptive,3,18,1,17,-16.0,3,9,6
adp_k3,35f856e199.jpg,adaptive,3,7,5,2,0.6,3,4,0
adp_k3,3731e4b26c.jpg,adaptive,3,15,28,13,0.5357142857142857,1,10,4
adp_k3,3a31d6cc15.jpg,adaptive,3,7,5,2,0.6,3,2,2
adp_k3,3c64dca0b6.jpg,adaptive,3,12,21,9,0.5714285714285714,3,6,3
adp_k3,419d2d60c3.jpg,adaptive,3,26,20,6,0.7,7,13,6
adp_k3,421f429a45.jpg,adaptive,3,32,8,24,-2.0,11,9,12
adp_k3,4291a46303.jpg,adaptive,3,11,3,8,-1.6666666666666665,4,2,5
adp_k3,4359d7bf90.jpg,adaptive,3,8,3,5,-0.6666666666666667,2,3,3
adp_k3,43de9c935d.jpg,adaptive,3,6,1,5,-4.0,3,1,2
adp_k3,444107b8c9.jpg,adaptive,3,11,14,3,0.7857142857142857,1,8,2
adp_k3,4464e8c6c9.jpg,adaptive,3,4,1,3,-2.0,2,0,2
adp_k3,44cf53bcde.jpg,adaptive,3,18,16,2,0.875,1,16,1
adp_k3,44e195e1ef.jpg,adaptive,3,8,8,0,1.0,1,4,3
adp_k3,46076bb5d5.jpg,adaptive,3,19,5,14,-1.7999999999999998,6,6,7
adp_k3,47b061170d.jpg,adaptive,3,1,8,7,0.125,0,1,0
adp_k3,48fa79d7ae.jpg,adaptive,3,14,8,6,0.25,7,1,6
adp_k3,49fd927d4c.jpg,adaptive,3,17,5,12,-1.4,5,7,5
adp_k3,4a1315d458.jpg,adaptive,3,28,2,26,-12.0,10,13,5
adp_k3,4a4bd0f725.jpg,adaptive,3,30,40,10,0.75,0,25,5
adp_k3,4ca15155e9.jpg,adaptive,3,3,2,1,0.5,1,1,1
adp_k3,4e9e203a40.jpg,adaptive,3,7,9,2,0.7777777777777778,0,6,1
adp_k3,4fe02e46cb.jpg,adaptive,3,19,2,17,-7.5,2,12,5
adp_k3,50e7fe98b7.jpg,adaptive,3,35,35,0,1.0,2,33,0
adp_k3,5189314af4.jpg,adaptive,3,9,2,7,-2.5,0,5,4
adp_k3,563563f749.jpg,adaptive,3,27,5,22,-3.4000000000000004,6,11,10
adp_k3,566b1031a8.jpg,adaptive,3,19,20,1,0.95,4,13,2
adp_k3,569a5a3984.jpg,adaptive,3,8,1,7,-6.0,0,5,3
adp_k3,5ab456ac02.jpg,adaptive,3,8,11,3,0.7272727272727273,1,5,2
adp_k3,5b7a05e3dd.jpg,adaptive,3,1,7,6,0.1428571428571429,0,1,0
adp_k3,5d6b82679d.jpg,adaptive,3,7,4,3,0.25,3,4,0
adp_k3,5f8a04cee8.jpg,adaptive,3,10,7,3,0.5714285714285714,4,2,4
adp_k3,60fc6231cd.jpg,adaptive,3,10,5,5,0.0,0,6,4
adp_k3,670dc0a72f.jpg,adaptive,3,10,2,8,-3.0,2,4,4
adp_k3,681165d9f1.jpg,adaptive,3,10,4,6,-0.5,4,3,3
adp_k3,6bf1678fa3.jpg,adaptive,3,30,2,28,-13.0,0,19,11
adp_k3,6bf4f833a4.jpg,adaptive,3,25,8,17,-1.125,7,9,9
adp_k3,6d2e7e9448.jpg,adaptive,3,11,9,2,0.7777777777777778,1,6,4
adp_k3,6d4d37ae2c.jpg,adaptive,3,11,5,6,-0.19999999999999996,3,3,5
adp_k3,6da8539078.jpg,adaptive,3,55,5,50,-9.0,24,8,23
adp_k3,72d0dbe5f5.jpg,adaptive,3,7,34,27,0.20588235294117652,0,6,1
adp_k3,766f507935.jpg,adaptive,3,48,16,32,-1.0,1,28,19
adp_k3,7779953784.jpg,adaptive,3,30,2,28,-13.0,11,11,8
adp_k3,782058a969.jpg,adaptive,3,11,5,6,-0.19999999999999996,4,3,4
adp_k3,79eb826b40.jpg,adaptive,3,14,24,10,0.5833333333333333,7,0,7
adp_k3,7c13cfe7f1.jpg,adaptive,3,17,1,16,-15.0,6,8,3
adp_k3,7c3720e174.jpg,adaptive,3,19,7,12,-0.7142857142857142,6,8,5
adp_k3,7c7942b825.jpg,adaptive,3,15,8,7,0.125,1,10,4
adp_k3,7ce16206bb.jpg,adaptive,3,8,8,0,1.0,0,8,0
adp_k3,7e122f5d1f.jpg,adaptive,3,14,8,6,0.25,5,6,3
adp_k3,827d23c09e.jpg,adaptive,3,30,8,22,-1.75,6,15,9
adp_k3,85e4b42fb6.jpg,adaptive,3,17,8,9,-0.125,7,5,5
adp_k3,8605748432.jpg,adaptive,3,17,20,3,0.85,0,15,2
adp_k3,868bb275c3.jpg,adaptive,3,8,8,0,1.0,1,6,1
adp_k3,87a1c3b8af.jpg,adaptive,3,9,5,4,0.19999999999999996,4,4,1
adp_k3,87f4bed37f.jpg,adaptive,3,2,2,0,1.0,1,0,1
adp_k3,898beeed4c.jpg,adaptive,3,12,1,11,-10.0,2,7,3
adp_k3,8c7c691333.jpg,adaptive,3,19,1,18,-17.0,3,10,6
adp_k3,8e89dfa19b.jpg,adaptive,3,6,6,0,1.0,0,6,0
adp_k3,908f1fc748.jpg,adaptive,3,12,1,11,-10.0,0,9,3
adp_k3,91851d8baa.jpg,adaptive,3,13,1,12,-11.0,5,4,4
adp_k3,94b5bdb199.jpg,adaptive,3,11,4,7,-0.75,1,5,5
adp_k3,97868f7555.jpg,adaptive,3,15,5,10,-1.0,5,7,3
adp_k3,97e6af6151.jpg,adaptive,3,10,7,3,0.5714285714285714,3,3,4
adp_k3,980bc77535.jpg,adaptive,3,8,3,5,-0.6666666666666667,2,4,2
adp_k3,990db901a0.jpg,adaptive,3,22,34,12,0.6470588235294117,4,17,1
adp_k3,9981524f15.jpg,adaptive,3,4,1,3,-2.0,0,3,1
adp_k3,9b1df4ab21.jpg,adaptive,3,3,2,1,0.5,1,2,0
adp_k3,9bdccee820.jpg,adaptive,3,10,8,2,0.75,2,8,0
adp_k3,9d2dea7b8f.jpg,adaptive,3,15,9,6,0.33333333333333337,6,6,3
adp_k3,9ef3898d38.jpg,adaptive,3,42,4,38,-8.5,0,28,14
adp_k3,a15f18c804.jpg,adaptive,3,28,7,21,-2.0,3,15,10
adp_k3,a188d78b85.jpg,adaptive,3,18,5,13,-1.6,8,4,6
adp_k3,a19f00a771.jpg,adaptive,3,3,8,5,0.375,1,2,0
adp_k3,a1fae3d9ea.jpg,adaptive,3,29,26,3,0.8846153846153846,4,24,1
adp_k3,a5faa8e072.jpg,adaptive,3,5,23,18,0.21739130434782605,0,3,2
adp_k3,a61fb409e8.jpg,adaptive,3,2,1,1,0.0,1,0,1
adp_k3,abd33e40b9.jpg,adaptive,3,6,6,0,1.0,1,4,1
adp_k3,ae2a9d0217.jpg,adaptive,3,12,2,10,-4.0,1,8,3
adp_k3,afc5895108.jpg,adaptive,3,21,10,11,-0.10000000000000009,9,7,5
adp_k3,afed6c9305.jpg,adaptive,3,16,2,14,-6.0,0,11,5
adp_k3,b05183cf6c.jpg,adaptive,3,5,1,4,-3.0,2,2,1
adp_k3,b22b3d9c4e.jpg,adaptive,3,10,1,9,-8.0,3,3,4
adp_k3,b36a35b1cf.jpg,adaptive,3,8,4,4,0.0,0,5,3
adp_k3,b61d911828.jpg,adaptive,3,1,30,29,0.033333333333333326,0,1,0
adp_k3,b65bf338f7.jpg,adaptive,3,14,10,4,0.6,5,6,3
adp_k3,bc673941fb.jpg,adaptive,3,8,6,2,0.6666666666666667,0,7,1
adp_k3,bc6914ff98.jpg,adaptive,3,18,1,17,-16.0,7,6,5
adp_k3,bd5e683f30.jpg,adaptive,3,7,6,1,0.8333333333333334,1,5,1
adp_k3,c0ac04a0cf.jpg,adaptive,3,12,1,11,-10.0,5,5,2
adp_k3,c13910bc18.jpg,adaptive,3,9,2,7,-2.5,1,4,4
adp_k3,c1a9fbb8bc.jpg,adaptive,3,18,7,11,-0.5714285714285714,7,5,6
adp_k3,c20d83cdfe.jpg,adaptive,3,21,1,20,-19.0,9,4,8
adp_k3,c36182ac9a.jpg,adaptive,3,12,4,8,-1.0,3,5,4
adp_k3,c3ddc33f41.jpg,adaptive,3,7,2,5,-1.5,2,2,3
adp_k3,cb1e6a6967.jpg,adaptive,3,7,8,1,0.875,2,4,1
adp_k3,cb4769d1a9.jpg,adaptive,3,17,24,7,0.7083333333333333,3,7,7
adp_k3,d0a3c1f8d3.jpg,adaptive,3,9,9,0,1.0,3,4,2
adp_k3,d339767881.jpg,adaptive,3,13,2,11,-4.5,2,6,5
adp_k3,d3a549a4ac.jpg,adaptive,3,2,1,1,0.0,1,0,1
adp_k3,d4a5b2ad56.jpg,adaptive,3,13,8,5,0.375,3,8,2
adp_k3,d603d1e7e2.jpg,adaptive,3,23,16,7,0.5625,3,18,2
adp_k3,d74bf34efc.jpg,adaptive,3,33,35,2,0.9428571428571428,3,29,1
adp_k3,d87fde36bf.jpg,adaptive,3,16,8,8,0.0,2,8,6
adp_k3,d8e50e61e9.jpg,adaptive,3,13,8,5,0.375,0,7,6
adp_k3,e036bb9f36.jpg,adaptive,3,10,1,9,-8.0,3,3,4
adp_k3,e458d60056.jpg,adaptive,3,15,1,14,-13.0,4,5,6
adp_k3,e464aa2ba3.jpg,adaptive,3,12,6,6,0.0,2,8,2
adp_k3,e5498c038d.jpg,adaptive,3,19,12,7,0.41666666666666663,7,12,0
adp_k3,e56270ad8e.jpg,adaptive,3,4,1,3,-2.0,0,3,1
adp_k3,e58d420bba.jpg,adaptive,3,69,1,68,-67.0,18,26,25
adp_k3,e893dcbca8.jpg,adaptive,3,13,4,9,-1.25,5,4,4
adp_k3,e982d8d424.jpg,adaptive,3,11,2,9,-3.5,2,6,3
adp_k3,ea2f399c2c.jpg,adaptive,3,5,12,7,0.41666666666666663,0,3,2
adp_k3,ecb30e89ac.jpg,adaptive,3,11,10,1,0.9,4,5,2
adp_k3,f14da4ee62.jpg,adaptive,3,5,4,1,0.75,0,4,1
adp_k3,f8101d6dd1.jpg,adaptive,3,17,5,12,-1.4,5,8,4
adp_k3,f8cc6f7201.jpg,adaptive,3,6,5,1,0.8,1,4,1
adp_k3,fa5950f31e.jpg,adaptive,3,9,1,8,-7.0,3,2,4
adp_k5,01207e3d7e.jpg,adaptive,5,7,5,2,0.6,0,5,2
adp_k5,0140acf6eb.jpg,adaptive,5,9,4,5,-0.25,0,6,3
adp_k5,025c8579f0.jpg,adaptive,5,7,2,5,-1.5,1,3,3
adp_k5,028ca794e7.jpg,adaptive,5,16,4,12,-2.0,6,3,7
adp_k5,0391d1cd81.jpg,adaptive,5,23,1,22,-21.0,4,8,11
adp_k5,03ab6f403f.jpg,adaptive,5,2,2,0,1.0,0,2,0
adp_k5,05c7bef607.jpg,adaptive,5,11,3,8,-1.6666666666666665,4,4,3
adp_k5,06592a2984.jpg,adaptive,5,60,1,59,-58.0,12,30,18
adp_k5,06dbf139bd.jpg,adaptive,5,10,3,7,-1.3333333333333335,4,2,4
adp_k5,06de4d46b4.jpg,adaptive,5,16,14,2,0.8571428571428572,6,6,4
adp_k5,0712ebe773.jpg,adaptive,5,15,15,0,1.0,0,11,4
adp_k5,078aaee7f6.jpg,adaptive,5,9,2,7,-2.5,0,6,3
adp_k5,0992f9217f.jpg,adaptive,5,18,16,2,0.875,1,16,1
adp_k5,0c0f693a3e.jpg,adaptive,5,22,10,12,-0.19999999999999996,5,11,6
adp_k5,0c7067ece2.jpg,adaptive,5,6,1,5,-4.0,2,3,1
adp_k5,11178d409d.jpg,adaptive,5,19,8,11,-0.375,1,15,3
adp_k5,14080c2080.jpg,adaptive,5,16,9,7,0.2222222222222222,1,11,4
adp_k5,16f46adcc2.jpg,adaptive,5,18,4,14,-2.5,6,4,8
adp_k5,1a1db517f0.jpg,adaptive,5,30,1,29,-28.0,4,18,8
adp_k5,1a203989bd.jpg,adaptive,5,45,34,11,0.6764705882352942,17,9,19
adp_k5,1d5fb7f409.jpg,adaptive,5,6,4,2,0.5,2,4,0
adp_k5,1e5109de3a.jpg,adaptive,5,12,8,4,0.5,2,8,2
adp_k5,207092513f.jpg,adaptive,5,16,8,8,0.0,3,8,5
adp_k5,209529add9.jpg,adaptive,5,10,3,7,-1.3333333333333335,2,6,2
adp_k5,21ad309395.jpg,adaptive,5,16,15,1,0.9333333333333333,4,7,5
adp_k5,23560e97ad.jpg,adaptive,5,43,15,28,-0.8666666666666667,12,25,6
adp_k5,244d4d4639.jpg,adaptive,5,11,10,1,0.9,3,7,1
adp_k5,24699d577c.jpg,adaptive,5,5,1,4,-3.0,2,1,2
adp_k5,2564ee861d.jpg,adaptive,5,49,12,37,-2.0833333333333335,9,21,19
adp_k5,26fb204f51.jpg,adaptive,5,36,3,33,-10.0,7,18,11
adp_k5,27ad5d7140.jpg,adaptive,5,36,9,27,-2.0,6,15,15
adp_k5,2bf5e82e5a.jpg,adaptive,5,8,8,0,1.0,1,5,2
adp_k5,2c8f0e58fb.jpg,adaptive,5,6,2,4,-1.0,0,4,2
adp_k5,2f52601471.jpg,adaptive,5,10,3,7,-1.3333333333333335,3,4,3
adp_k5,31357b26f3.jpg,adaptive,5,3,5,2,0.6,1,1,1
adp_k5,31e4b72f06.jpg,adaptive,5,13,1,12,-11.0,5,3,5
adp_k5,321f79f6bb.jpg,adaptive,5,41,2,39,-18.5,12,14,15
adp_k5,342d14adbd.jpg,adaptive,5,50,5,45,-8.0,2,27,21
adp_k5,35f856e199.jpg,adaptive,5,8,5,3,0.4,3,2,3
adp_k5,3731e4b26c.jpg,adaptive,5,12,28,16,0.4285714285714286,2,6,4
adp_k5,3a31d6cc15.jpg,adaptive,5,9,5,4,0.19999999999999996,0,8,1
adp_k5,3c64dca0b6.jpg,adaptive,5,10,21,11,0.47619047619047616,2,5,3
adp_k5,3d315bb61e.jpg,adaptive,5,34,30,4,0.8666666666666667,2,23,9
adp_k5,3fa08174b0.jpg,adaptive,5,30,5,25,-4.0,1,18,11
adp_k5,419d2d60c3.jpg,adaptive,5,9,20,11,0.44999999999999996,0,9,0
adp_k5,41ee53b36e.jpg,adaptive,5,81,16,65,-3.0625,32,31,18
adp_k5,421f429a45.jpg,adaptive,5,37,8,29,-2.625,0,22,15
adp_k5,4291a46303.jpg,adaptive,5,7,3,4,-0.33333333333333326,2,2,3
adp_k5,4359d7bf90.jpg,adaptive,5,5,3,2,0.33333333333333337,2,2,1
adp_k5,43de9c935d.jpg,adaptive,5,8,1,7,-6.0,3,3,2
adp_k5,444107b8c9.jpg,adaptive,5,15,14,1,0.9285714285714286,4,8,3
adp_k5,4464e8c6c9.jpg,adaptive,5,3,1,2,-1.0,1,2,0
adp_k5,44cf53bcde.jpg,adaptive,5,16,16,0,1.0,1,14,1
adp_k5,44e195e1ef.jpg,adaptive,5,5,8,3,0.625,1,3,1
adp_k5,46076bb5d5.jpg,adaptive,5,12,5,7,-0.3999999999999999,1,8,3
adp_k5,47b061170d.jpg,adaptive,5,1,8,7,0.125,0,1,0
adp_k5,48fa79d7ae.jpg,adaptive,5,7,8,1,0.875,1,6,0
adp_k5,49fd927d4c.jpg,adaptive,5,17,5,12,-1.4,3,11,3
adp_k5,4a1315d458.jpg,adaptive,5,19,2,17,-7.5,0,14,5
adp_k5,4a4bd0f725.jpg,adaptive,5,26,40,14,0.65,3,19,4
adp_k5,4ca15155e9.jpg,adaptive,5,8,2,6,-2.0,1,4,3
adp_k5,4e47138c7e.jpg,adaptive,5,24,6,18,-2.0,2,14,8
adp_k5,4e95f6db6a.jpg,adaptive,5,40,24,16,0.33333333333333337,15,9,16
adp_k5,4e9e203a40.jpg,adaptive,5,5,9,4,0.5555555555555556,1,3,1
adp_k5,4fe02e46cb.jpg,adaptive,5,7,2,5,-1.5,0,4,3
adp_k5,50e7fe98b7.jpg,adaptive,5,48,35,13,0.6285714285714286,19,14,15
adp_k5,5189314af4.jpg,adaptive,5,6,2,4,-1.0,2,2,2
adp_k5,563563f749.jpg,adaptive,5,17,5,12,-1.4,5,5,7
adp_k5,566b1031a8.jpg,adaptive,5,18,20,2,0.9,6,10,2
adp_k5,569a5a3984.jpg,adaptive,5,10,1,9,-8.0,3,4,3
adp_k5,5ab456ac02.jpg,adaptive,5,9,11,2,0.8181818181818181,2,3,4
adp_k5,5b7a05e3dd.jpg,adaptive,5,2,7,5,0.2857142857142857,1,0,1
adp_k5,5d6b82679d.jpg,adaptive,5,11,4,7,-0.75,4,3,4
adp_k5,5edc210162.jpg,adaptive,5,28,3,25,-7.333333333333334,7,10,11
adp_k5,5f8a04cee8.jpg,adaptive,5,4,7,3,0.5714285714285714,1,3,0
adp_k5,60fc6231cd.jpg,adaptive,5,23,5,18,-2.6,7,8,8
adp_k5,670dc0a72f.jpg,adaptive,5,7,2,5,-1.5,0,4,3
adp_k5,681165d9f1.jpg,adaptive,5,12,4,8,-1.0,2,7,3
adp_k5,6bf1678fa3.jpg,adaptive,5,10,2,8,-3.0,2,5,3
adp_k5,6bf4f833a4.jpg,adaptive,5,31,8,23,-1.875,6,12,13
adp_k5,6d2e7e9448.jpg,adaptive,5,8,9,1,0.8888888888888888,0,5,3
adp_k5,6d4d37ae2c.jpg,adaptive,5,8,5,3,0.4,2,5,1
adp_k5,6da8539078.jpg,adaptive,5,69,5,64,-11.8,14,31,24
adp_k5,6dc3173bf2.jpg,adaptive,5,21,8,13,-0.625,4,9,8
adp_k5,7262427976.jpg,adaptive,5,30,1,29,-28.0,12,9,9
adp_k5,72d0dbe5f5.jpg,adaptive,5,6,34,28,0.17647058823529416,0,4,2
adp_k5,766f507935.jpg,adaptive,5,33,16,17,-0.0625,15,12,6
adp_k5,7779953784.jpg,adaptive,5,13,2,11,-4.5,3,4,6
adp_k5,782058a969.jpg,adaptive,5,7,5,2,0.6,1,3,3
adp_k5,79eb826b40.jpg,adaptive,5,20,24,4,0.8333333333333334,2,15,3
adp_k5,7c13cfe7f1.jpg,adaptive,5,15,1,14,-13.0,2,6,7
adp_k5,7c3720e174.jpg,adaptive,5,7,7,0,1.0,0,6,1
adp_k5,7c7942b825.jpg,adaptive,5,11,8,3,0.625,3,5,3
adp_k5,7ce16206bb.jpg,adaptive,5,14,8,6,0.25,3,5,6
adp_k5,7e122f5d1f.jpg,adaptive,5,8,8,0,1.0,2,4,2
adp_k5,827d23c09e.jpg,adaptive,5,47,8,39,-3.875,18,12,17
adp_k5,85e4b42fb6.jpg,adaptive,5,14,8,6,0.25,5,4,5
adp_k5,8605748432.jpg,adaptive,5,15,20,5,0.75,2,10,3
adp_k5,868bb275c3.jpg,adaptive,5,6,8,2,0.75,2,2,2
adp_k5,87a1c3b8af.jpg,adaptive,5,9,5,4,0.19999999999999996,2,6,1
adp_k5,87f4bed37f.jpg,adaptive,5,7,2,5,-1.5,3,4,0
adp_k5,898beeed4c.jpg,adaptive,5,11,1,10,-9.0,0,9,2
adp_k5,8c7c691333.jpg,adaptive,5,19,1,18,-17.0,1,12,6
adp_k5,8e89dfa19b.jpg,adaptive,5,8,6,2,0.6666666666666667,2,6,0
adp_k5,908f1fc748.jpg,adaptive,5,4,1,3,-2.0,1,2,1
adp_k5,91851d8baa.jpg,adaptive,5,11,1,10,-9.0,5,4,2
adp_k5,94b5bdb199.jpg,adaptive,5,7,4,3,0.25,1,3,3
adp_k5,97868f7555.jpg,adaptive,5,12,5,7,-0.3999999999999999,2,7,3
adp_k5,97e6af6151.jpg,adaptive,5,4,7,3,0.5714285714285714,2,1,1
adp_k5,980bc77535.jpg,adaptive,5,3,3,0,1.0,1,2,0
adp_k5,990db901a0.jpg,adaptive,5,21,34,13,0.6176470588235294,7,5,9
adp_k5,9981524f15.jpg,adaptive,5,2,1,1,0.0,0,2,0
adp_k5,9ab6493bdc.jpg,adaptive,5,17,2,15,-6.5,4,7,6
adp_k5,9b1df4ab21.jpg,adaptive,5,8,2,6,-2.0,2,4,2
adp_k5,9bdccee820.jpg,adaptive,5,13,8,5,0.375,1,6,6
adp_k5,9d2dea7b8f.jpg,adaptive,5,16,9,7,0.2222222222222222,3,6,7
adp_k5,9e575d70ea.jpg,adaptive,5,88,3,85,-27.333333333333332,23,36,29
adp_k5,9ef3898d38.jpg,adaptive,5,14,4,10,-1.5,3,7,4
adp_k5,a15f18c804.jpg,adaptive,5,13,7,6,0.1428571428571429,5,4,4
adp_k5,a188d78b85.jpg,adaptive,5,18,5,13,-1.6,3,7,8
adp_k5,a19f00a771.jpg,adaptive,5,2,8,6,0.25,0,2,0
adp_k5,a1fae3d9ea.jpg,adaptive,5,23,26,3,0.8846153846153846,5,14,4
adp_k5,a5faa8e072.jpg,adaptive,5,6,23,17,0.26086956521739135,1,3,2
adp_k5,a61fb409e8.jpg,adaptive,5,7,1,6,-5.0,0,5,2
adp_k5,abd33e40b9.jpg,adaptive,5,3,6,3,0.5,0,2,1
adp_k5,ae2a9d0217.jpg,adaptive,5,10,2,8,-3.0,2,6,2
adp_k5,afc5895108.jpg,adaptive,5,20,10,10,0.0,4,9,7
adp_k5,afed6c9305.jpg,adaptive,5,3,2,1,0.5,1,2,0
adp_k5,b05183cf6c.jpg,adaptive,5,9,1,8,-7.0,3,2,4
adp_k5,b22b3d9c4e.jpg,adaptive,5,4,1,3,-2.0,1,3,0
adp_k5,b36a35b1cf.jpg,adaptive,5,9,4,5,-0.25,0,6,3
adp_k5,b490ad931a.jpg,adaptive,5,60,16,44,-1.75,19,23,18
adp_k5,b61d911828.jpg,adaptive,5,1,30,29,0.033333333333333326,0,1,0
adp_k5,b65bf338f7.jpg,adaptive,5,18,10,8,0.19999999999999996,2,9,7
adp_k5,bc673941fb.jpg,adaptive,5,0,6,6,0.0,0,0,0
adp_k5,bc6914ff98.jpg,adaptive,5,13,1,12,-11.0,3,4,6
adp_k5,bd5e683f30.jpg,adaptive,5,9,6,3,0.5,2,4,3
adp_k5,bdddd66dc5.jpg,adaptive,5,51,8,43,-4.375,9,31,11
adp_k5,c0ac04a0cf.jpg,adaptive,5,13,1,12,-11.0,6,3,4
adp_k5,c13910bc18.jpg,adaptive,5,13,2,11,-4.5,5,4,4
adp_k5,c1a9fbb8bc.jpg,adaptive,5,11,7,4,0.4285714285714286,2,4,5
adp_k5,c20d83cdfe.jpg,adaptive,5,23,1,22,-21.0,7,7,9
adp_k5,c2d0445950.jpg,adaptive,5,8,2,6,-2.0,3,3,2
adp_k5,c36182ac9a.jpg,adaptive,5,11,4,7,-0.75,3,4,4
adp_k5,c3ddc33f41.jpg,adaptive,5,3,2,1,0.5,0,3,0
adp_k5,c45fe65ea2.jpg,adaptive,5,4,1,3,-2.0,1,2,1
adp_k5,c99b8f0e24.jpg,adaptive,5,72,14,58,-3.1428571428571432,13,33,26
adp_k5,cb1e6a6967.jpg,adaptive,5,2,8,6,0.25,1,1,0
adp_k5,cb4769d1a9.jpg,adaptive,5,13,24,11,0.5416666666666667,3,5,5
adp_k5,d0a3c1f8d3.jpg,adaptive,5,11,9,2,0.7777777777777778,2,4,5
adp_k5,d339767881.jpg,adaptive,5,10,2,8,-3.0,2,4,4
adp_k5,d3a549a4ac.jpg,adaptive,5,2,1,1,0.0,1,0,1
adp_k5,d4a5b2ad56.jpg,adaptive,5,8,8,0,1.0,1,4,3
adp_k5,d603d1e7e2.jpg,adaptive,5,19,16,3,0.8125,0,18,1
adp_k5,d7416e5a02.jpg,adaptive,5,30,1,29,-28.0,11,9,10
adp_k5,d74bf34efc.jpg,adaptive,5,32,35,3,0.9142857142857143,4,26,2
adp_k5,d87fde36bf.jpg,adaptive,5,25,8,17,-1.125,10,7,8
adp_k5,d8e50e61e9.jpg,adaptive,5,17,8,9,-0.125,4,9,4
adp_k5,dc76e7bc74.jpg,adaptive,5,18,9,9,0.0,3,9,6
adp_k5,e036bb9f36.jpg,adaptive,5,4,1,3,-2.0,1,3,0
adp_k5,e458d60056.jpg,adaptive,5,14,1,13,-12.0,1,8,5
adp_k5,e464aa2ba3.jpg,adaptive,5,6,6,0,1.0,1,3,2
adp_k5,e48a9d76fa.jpg,adaptive,5,54,1,53,-52.0,5,39,10
adp_k5,e5498c038d.jpg,adaptive,5,31,12,19,-0.5833333333333333,11,14,6
adp_k5,e56270ad8e.jpg,adaptive,5,4,1,3,-2.0,2,0,2
adp_k5,e58d420bba.jpg,adaptive,5,64,1,63,-62.0,20,21,23
adp_k5,e893dcbca8.jpg,adaptive,5,17,4,13,-2.25,4,7,6
adp_k5,e982d8d424.jpg,adaptive,5,10,2,8,-3.0,2,5,3
adp_k5,ea2f399c2c.jpg,adaptive,5,0,12,12,0.0,0,0,0
adp_k5,ecb30e89ac.jpg,adaptive,5,15,10,5,0.5,4,8,3
adp_k5,f14da4ee62.jpg,adaptive,5,2,4,2,0.5,1,0,1
adp_k5,f35a790bd0.jpg,adaptive,5,75,14,61,-3.3571428571428568,20,30,25
adp_k5,f5fd0e7e9b.jpg,adaptive,5,42,12,30,-1.5,10,20,12
adp_k5,f8101d6dd1.jpg,adaptive,5,9,5,4,0.19999999999999996,2,5,2
adp_k5,f8b6b6d100.jpg,adaptive,5,39,4,35,-7.75,7,16,16
adp_k5,f8cc6f7201.jpg,adaptive,5,10,5,5,0.0,3,4,3
adp_k5,fa5950f31e.jpg,adaptive,5,7,1,6,-5.0,3,2,2
